# source: https://thegreatestbooks.org (pages https://thegreatestbooks.org/ and https://thegreatestbooks.org/page/2 ... /page/8, 25 books per page)
# fetched: 2026-08-18
# note: thegreatestbooks.org 'The Greatest Books of All Time' aggregate ranking (site says it aggregates 759 'best of' lists; live site as of 2026-08-18, fetched via browser because curl/WebFetch get a Cloudflare 403); ranks 1-200 captured in rank order; page shows no publication years; the site's separate subtitle line (e.g. 'or, The Whale' under Moby-Dick) is not included in Title
Ulysses	James Joyce	
In Search of Lost Time	Marcel Proust	
The Great Gatsby	F. Scott Fitzgerald	
One Hundred Years of Solitude	Gabriel García Márquez	
The Catcher in the Rye	J. D. Salinger	
Moby-Dick	Herman Melville	
Nineteen Eighty Four	George Orwell	
Don Quixote	Miguel de Cervantes	
The Sound and the Fury	William Faulkner	
Anna Karenina	Leo Tolstoy	
Lolita	Vladimir Nabokov	
War and Peace	Leo Tolstoy	
Crime and Punishment	Fyodor Dostoevsky	
Wuthering Heights	Emily Brontë	
Pride and Prejudice	Jane Austen	
To Kill a Mockingbird	Harper Lee	
The Lord Of The Rings	J. R. R. Tolkien	
The Brothers Karamazov	Fyodor Dostoevsky	
Madame Bovary	Gustave Flaubert	
The Trial	Franz Kafka	
The Bible	Unknown	
Adventures of Huckleberry Finn	Mark Twain	
The Stranger	Albert Camus	
Middlemarch	George Eliot	
To the Lighthouse	Virginia Woolf	
The Odyssey	Homer	
The Grapes of Wrath	John Steinbeck	
The Divine Comedy	Dante Alighieri	
The Magic Mountain	Thomas Mann	
Jane Eyre	Charlotte Brontë	
Heart of Darkness	Joseph Conrad	
Mrs. Dalloway	Virginia Woolf	
Invisible Man	Ralph Ellison	
The Master and Margarita	Mikhail Bulgakov	
Catch-22	Joseph Heller	
Alice's Adventures in Wonderland	Lewis Carroll	
The Iliad	Homer	
Great Expectations	Charles Dickens	
Frankenstein	Mary Shelley	
Les Misérables	Victor Hugo	
On the Road	Jack Kerouac	
Absalom, Absalom!	William Faulkner	
The Red and the Black	Stendhal	
The Little Prince	Antoine de Saint-Exupéry	
Beloved	Toni Morrison	
David Copperfield	Charles Dickens	
Fictions	Jorge Luis Borges	
One Thousand and One Nights	Unknown	
Journey to the End of The Night	Louis-Ferdinand Céline	
Brave New World	Aldous Huxley	
Lord of the Flies	William Golding	
The Old Man and the Sea	Ernest Hemingway	
Animal Farm	George Orwell	
The Life And Opinions Of Tristram Shandy	Laurence Sterne	
Rebecca	Daphne du Maurier	
Dracula	Bram Stoker	
The Sun Also Rises	Ernest Hemingway	
Midnight's Children	Salman Rushdie	
The Idiot	Fyodor Dostoevsky	
Things Fall Apart	Chinua Achebe	
The Leopard	Giuseppe Tomasi di Lampedusa	
Under the Volcano	Malcolm Lowry	
The Golden Notebook	Doris May Lessing	
Their Eyes Were Watching God	Zora Neale Hurston	
Gulliver's Travels	Jonathan Swift	
The Portrait of a Lady	Henry James	
Gone With the Wind	Margaret Mitchell	
The Scarlet Letter	Nathaniel Hawthorne	
Robinson Crusoe	Daniel Defoe	
Pale Fire	Vladimir Nabokov	
A Farewell to Arms	Ernest Hemingway	
The Plague	Albert Camus	
The Aeneid	Virgil	
Candide	Voltaire	
Hamlet	William Shakespeare	
Emma	Jane Austen	
Slaughterhouse-Five	Kurt Vonnegut	
The Metamorphosis	Franz Kafka	
A Passage to India	E. M. Forster	
Essays	Michel de Montaigne	
A Portrait of the Artist as a Young Man	James Joyce	
The Castle	Franz Kafka	
The Man Without Qualities	Robert Musil	
The Tin Drum	Günter Grass	
Leaves of Grass	Walt Whitman	
As I Lay Dying	William Faulkner	
All Quiet on the Western Front	Erich Maria Remarque	
Buddenbrooks	Thomas Mann	
The Good Soldier	Ford Madox Ford	
Little Women	Louisa May Alcott	
The Picture of Dorian Gray	Oscar Wilde	
The Count of Monte Cristo	Alexandre Dumas	
Demons	Fyodor Dostoevsky	
Faust	Johann Wolfgang von Goethe	
The Age of Innocence	Edith Wharton	
The Bell Jar	Sylvia Plath	
Dead Souls	Nikolai Gogol	
The Unbearable Lightness of Being	Milan Kundera	
Orlando	Virginia Woolf	
Waiting for Godot	Samuel Beckett	
Dune	Frank Herbert	
Charlotte's Web	E. B. White	
For Whom the Bell Tolls	Ernest Hemingway	
Doctor Zhivago	Boris Pasternak	
Vanity Fair	William Makepeace Thackeray	
Walden	Henry David Thoreau	
Oedipus the King	Sophocles	
The Canterbury Tales	Geoffrey Chaucer	
Tess of the d'Urbervilles	Thomas Hardy	
The Complete Tales and Poems of Edgar Allan Poe	Edgar Allan Poe	
Native Son	Richard Wright	
The Name of the Rose	Umberto Eco	
The Heart Is A Lonely Hunter	Carson McCullers	
If This Is a Man	Primo Levi	
Paradise Lost	John Milton	
First Folio	William Shakespeare	
The Diary of a Young Girl	Anne Frank	
Confessions	Augustine	
Tom Jones	Henry Fielding	
The Big Sleep	Raymond Chandler	
Treasure Island	Robert Louis Stevenson	
A Sentimental Education	Gustave Flaubert	
Decameron	Giovanni Boccaccio	
The Wind in the Willows	Kenneth Grahame	
In Cold Blood	Truman Capote	
Brideshead Revisited	Evelyn Waugh	
The Tale of Genji	Murasaki Shikibu	
The Stories of Anton Chekhov	Anton Chekhov	
Gargantua and Pantagruel	Francois Rabelais	
Doctor Faustus	Thomas Mann	
Bleak House	Charles Dickens	
Sons and Lovers	D. H. Lawrence	
The Handmaid's Tale	Margaret Atwood	
Confessions of Zeno	Italo Svevo	
One Day in the Life of Ivan Denisovich	Aleksandr Solzhenitsyn	
Memoirs of Hadrian	Marguerite Yourcenar	
The Charterhouse of Parma	Stendhal	
The Three Musketeers	Alexandre Dumas	
Molloy	Samuel Beckett	
The Prince	Niccolo Machiavelli	
The Waste Land	T. S. Eliot	
Antigone	Sophocles	
The Maltese Falcon	Dashiell Hammett	
Pedro Páramo	Juan Rulfo	
The Talented Mr. Ripley	Patricia Highsmith	
King Lear	William Shakespeare	
The Woman in White	Wilkie Collins	
All the King's Men	Robert Penn Warren	
The Hobbit	J. R. R. Tolkien	
Lord Jim	Joseph Conrad	
My Antonia	Willa Cather	
The Color Purple	Alice Walker	
A Clockwork Orange	Anthony Burgess	
Giovanni's Room	James Baldwin	
The Prime of Miss Jean Brodie	Muriel Spark	
Wide Sargasso Sea	Jean Rhys	
Fahrenheit 451	Ray Bradbury	
Silent Spring	Rachel Carson	
One Flew Over the Cuckoo's Nest	Ken Kesey	
The Second Sex	Simone de Beauvoir	
Siddhartha	Hermann Hesse	
Steppenwolf	Hermann Hesse	
Tender Is the Night	F. Scott Fitzgerald	
Poems of Emily Dickinson	Emily Dickinson	
The Hound of the Baskervilles	Arthur Conan Doyle	
Macbeth	William Shakespeare	
Of Mice and Men	John Steinbeck	
Man's Fate	Andre Malraux	
The End of the Affair	Graham Greene	
Rabbit, Run	John Updike	
Love in the Time of Cholera	Gabriel García Márquez	
The Long Goodbye	Raymond Chandler	
Uncle Tom's Cabin	Harriet Beecher Stowe	
The Good Soldier Švejk	Jaroslav Hašek	
Fathers and Sons	Ivan Turgenev	
The Power and the Glory	Graham Greene	
Oblomov	Ivan Goncharov	
The Moviegoer	Walker Percy	
Persuasion	Jane Austen	
Blood Meridian	Cormac McCarthy	
An American Tragedy	Theodore Dreiser	
Light in August	William Faulkner	
Lady Chatterley's Lover	D. H. Lawrence	
Howards End	E. M. Forster	
Winnie the Pooh	A. A. Milne	
U.S.A. Trilogy	John Dos Passos	
Bonjour Tristesse	Francoise Sagan	
Berlin Alexanderplatz	Alfred Döblin	
The Remains of the Day	Kazuo Ishiguro	
A Tale of Two Cities	Charles Dickens	
A Room of One's Own	Virginia Woolf	
On the Origin of Species	Charles Darwin	
The Interpretation of Dreams	Sigmund Freud	
Metamorphoses	Ovid	
The Flowers of Evil	Charles Baudelaire	
The Hitchhiker's Guide to the Galaxy	Douglas Adams	
And Then There Were None	Agatha Christie	
The Jungle	Upton Sinclair	
A Good Man Is Hard to Find	Flannery O'Connor	
Dangerous Liaison	Pierre Choderlos de Laclos	
